Aundrea,Cattel,32170406,1569,4166
Michaeline,Lappin,37019889,1258,4948
Gilberta,Pencott,34519977,1344,4733
Felice,Jills,31601612,1208,4674
Homerus,Chalcroft,34357789,972,4571
Brenden,Chateau,39485530,1123,4713
Cayla,Capnor,31906955,1378,4335
Carlye,Binder,32147934,1171,4467
Vanna,Domokos,38906034,1293,4354
Alia,Pavese,36858758,1771,4232
Betsy,Swigger,32460045,1555,4684
Ronda,Galbraith,30711824,1786,4457
Jourdan,Elham,31573582,1893,4583
Austine,Tadd,33523367,1323,4774
Jewelle,Rennocks,39867111,1008,4086
Faye,Penylton,31753158,1485,4557
Jill,Truman,34109622,952,4564
Mayor,Pappin,34374835,1648,4822
Freeland,Jay,30025470,1278,4398
Berkie,Donkersley,36145395,929,4275
Lia,Brittian,36985272,1180,4143
Lothaire,Hackin,33480310,1754,4200
Salomone,Paley,31194553,969,4015
Nannette,Blasing,31848327,1419,4672
Jeddy,Tween,32742819,1322,4087
Jimmy,Kepp,39998061,1495,4223
Jorgan,Rowthorne,30447369,1415,4073
Melitta,McKeand,31820626,1415,4079
Veronike,Widdocks,37842044,1628,4693
Antonius,Opdenorth,38839060,1358,4339
Costanza,Alfuso,30813519,1676,4954
Wain,Reynold,35282724,1609,4510
Bjorn,Lyness,39639763,1676,4293
Lauri,Maudlen,38017993,1283,4346
Rubin,Sibun,38535969,1880,4896
Benedicto,Barensky,36939199,1496,4575
Sawyere,Curuclis,38572270,1527,4455
Sloan,M'Quharge,30313348,1009,4376
Adria,Egerton,38120514,993,4847
Freddi,Gorrie,38094522,1237,4031
Deidre,Kohn,32751218,1415,4726
Moyra,Threlfall,34377799,1287,4996
Cally,Lattimer,39154453,1242,4284
Dilly,Duffield,34631650,1835,4751
Bartholomew,Burren,32314898,1315,4580
Franklin,Slevin,39891626,1605,4691
Moreen,Megainey,36372027,1635,4476
Garrot,Benitti,31312346,1789,4467
Jammal,Bettles,32599676,1796,4105
Wash,Rosenkranc,32102611,935,4484
Georgine,Fanthome,37098695,1413,4931
Bo,Markwell,32902268,944,4737
Salmon,Robelet,38155979,1741,4154
Lanie,Pilfold,33493631,1685,4494
Stanislas,Mewe,37032184,1491,4837
Teresina,Hallam,34169812,1095,4934
Martina,Millom,35144549,1295,4670
Katy,Douris,31642495,908,4974
Ros,Scoullar,37459117,1169,4047
Germain,Cane,35279458,1724,4031
Millard,Costell,32978054,1265,4953
Aubrey,Raithmill,32800166,1871,4081
Tybie,Snepp,39428606,1199,4422
Aline,Chadburn,32099388,1569,4125
Alyson,Enriquez,37135198,1870,4720
Traci,Gaudon,34332685,1542,4351
Dorri,Pickin,37559313,1889,4959
Frasco,Spincke,31290621,1487,4065
Amalita,Gonnet,35646450,1355,4723
Jock,Dobney,31712333,1552,4257
Cariotta,Stones,37871830,1208,4979
Antony,Elldred,38890267,1631,4346
Karlik,Lauder,34279985,1745,4395
Conrade,Mulhill,33699922,1789,4234
Russ,Hansed,30377140,1275,4056
Bobbi,Aspinall,33873217,1592,4544
Annabell,Belford,37589029,1240,4575
Murdock,Rodway,35620072,978,4292
Vinni,Kemish,33513796,1203,4176
Osmond,Saladino,33715528,1339,4521
Lynnell,Curteis,30286871,1157,4979
Gayel,Garza,38618390,1633,4344
Andrey,Sharpus,39075988,1193,4954
Mufi,Brizland,33847577,1299,4336
Christabel,Haberfield,33353179,1703,4346
Lizzy,Suston,35075293,912,4113
Rowan,Huckabe,35191855,1313,4062
Eran,Statton,31573332,1802,4598
Alard,Surgen,36812789,1761,4345
Jeramey,Thomasson,32326004,1403,4593
Joline,Dallman,34815603,1058,4621
Lara,MacGille,30486376,1672,4295
Nancie,Meryett,38523074,1288,4075
Maribelle,Gyurkovics,32596376,1643,4942
Kaleena,Pulfer,37966719,1579,4808
Hal,Kenwood,34584465,1211,4873
Ginni,MacDunleavy,34922254,954,4005
Emelita,Fergyson,37669880,914,4581
Doll,Moraleda,34869853,1464,4038
Lynsey,Marzellano,37943383,1275,4012
Katya,Derby,35604985,1646,4069
Fleurette,Halladay,33105311,1436,4212
Conn,Bulstrode,33216956,1375,4023
Ryun,Sagerson,37735265,1641,4104
Aubry,Bassingden,38309503,1232,4993
Lynda,Troker,34088665,1390,4739
Amalia,Dacks,39491028,1452,4024
Fifi,Freemantle,36519156,1830,4884
Lorilee,Sebring,30163890,1037,4431
Mechelle,Speed,31120305,1234,4278
Jesselyn,Hardern,36027935,1270,4124
Rozanna,Kroch,38441312,1256,4601
Madalena,Habercham,35234378,1360,4074
Fabe,Swarbrigg,32958862,1102,4286
Appolonia,Manjot,30356862,1627,4629
Nertie,Greatbanks,30145138,1652,4120
Nancie,Pyffe,37956115,1378,4176
Addie,Burden,30192295,1697,4688
Dukey,Cornau,32480882,1523,4723
Ekaterina,Glason,36203213,1733,4998
Daniel,Fluit,38771847,1552,4504
Audra,Sidaway,39140216,1186,4146
Zaneta,Dockwra,38361590,1419,4222
Bernadina,Ferrolli,32033370,1493,4565
Amory,Brockett,39423883,918,4630
Paulita,Catherall,34678306,1341,4680
Selena,Egel,33522204,1019,4109
Kaye,Kingstne,34726018,1268,4460
Say,Bruineman,31441383,1537,4935
Janet,Fearnsides,31547500,1239,4559
Deanna,Gerhold,35520813,1568,4875
Antonino,Lagden,34713488,1608,4946
Emlen,Dillingstone,32019563,1426,4765
Christiano,Sainsbury-Brown,32938530,1606,4340
Fransisco,Stanyer,36548673,1576,4679
Anthea,Costelloe,34688914,1629,4567
Anabal,Rosso,39954793,1451,4788
Annabal,Fenelow,31365981,1890,4796
Tulley,Hardin,34741637,1587,4923
Dita,Gayther,31118316,1811,4619
Hillel,Couser,31834448,1618,4021
Bob,Sherbrooke,36218469,1106,4598
Kira,Abramovitz,37300139,1181,4313
Brenden,Backson,37419072,1517,4768
Lambert,Jaime,30815650,1406,4779
Beverlie,Rickaert,39475910,1312,4912
Veronica,Pail,30167650,922,4706
Deeann,Paulson,36731798,1594,4267
Hatty,Jewers,37986130,1766,4296
Laurent,Bryns,31600467,1786,4153
Janelle,Hardwin,30884976,1064,4551
Arnie,Martinho,37830976,1305,4284
Holly,Haylock,34265734,1750,4431
Celestyn,Heakey,39646475,1416,4849
Selia,Petherick,39871212,1031,4224
Britni,Garnsey,39888314,1158,4810
Nathaniel,Millthorpe,31893448,1743,4116
Brandtr,Piatto,32693313,1321,4719
Corella,Trahear,38971161,1285,4690
Adina,Gosart,39018734,1630,4754
Christie,Kensall,34148802,1579,4147
Shaylyn,Aylmer,37074205,1260,4581
Letizia,Danilovich,38057673,1523,4488
Anallese,Clara,37170489,1394,4996
Brier,Speachley,36742215,1108,4884
Lazar,Vuitte,36584988,1392,4616
Jamie,Estable,32120870,1117,4665
Murial,Heineking,38044157,1114,4830
Emma,Penniall,39569315,1114,4636
Bret,Chilvers,33859600,1192,4364
Tremaine,Wynrehame,31940596,1876,4148
Alard,Dockray,33942451,947,4515
Ian,de Courcey,33609458,1834,4890
Othello,Houchin,36923280,1131,4520
Feliza,Ellif,38701093,1223,4179
Kari,Scurlock,38143018,1582,4236
Meggie,Bellworthy,35667685,911,4859
James,Cardnell,30406724,1884,4872
Hendrick,Swetman,35340422,1487,4359
Mable,Rummery,37704736,1598,4070
Evangelina,Webermann,31855356,1347,4184
Emily,McFarland,32965396,983,4536
Candie,Errichiello,34430834,1609,4240
Kenneth,Dilke,33718363,1441,4354
Ives,Wray,32339699,1369,4329
Lemuel,Fechnie,31758064,1638,4910
Rory,Wigley,39750367,1031,4730
Gannie,Aizikovich,30123493,1833,4553
Christiane,Adamson,34503865,967,4006
Vere,Suthren,39356317,1314,4288
Elke,Cuniam,33126143,1313,4419
Karon,Lockyear,30796124,1681,4183
Eadith,Jarrett,37496514,1717,4529
Renelle,Sharrocks,39455444,1720,4821
Jeanie,Amsden,38296665,1046,4737
Vito,Bendley,36239034,1119,4223
Phebe,Ciccotto,30523325,1654,4350
Herve,Gorrissen,37943535,947,4591
Aron,Lavallie,31284092,1029,4818
Osbourn,Gairdner,34424489,1636,4356
Scotti,Conor,32220997,1601,4439
Isahella,Eeles,31664545,1617,4576
Suzann,Radbourn,36174560,1109,4793
Toni,O'Flaherty,33176202,1103,4051
Cloris,Izchaki,32684780,1614,4145
Joanie,Turfitt,35841376,1556,4644
Elfie,Ovesen,39875162,942,4834
Daryn,Toghill,32619140,1449,4008
Nancy,Housecraft,32195787,999,4448
Lotte,Tyrone,39342057,1869,4824
Nedda,Stych,33437539,1524,4527
Farrah,Mudle,39819701,1326,4772
Waldon,Keable,38626859,1795,4680
Neal,Bengochea,33647960,1288,4665
David,McManus,31481349,1543,4535
Hanson,Conroy,36397772,1845,4385
Ervin,Bernt,31334579,1792,4466
Danna,Whitlam,37359595,958,4435
Sherline,Marcome,32205376,1061,4531
Sheena,Heinsius,38363686,1170,4780
Kellyann,Heis,31909752,1360,4385
Willow,Brecken,38678573,1497,4106
Rodrique,Geist,39205707,1115,4168
Godfry,Glencros,30102314,1125,4622
Charlotta,Winskill,31529060,1213,4243
Shep,Opdenort,36894154,1511,4381
Georg,Stanney,36395707,1720,4431
Nickey,Thake,38377508,1550,4975
Jaye,Klaassens,31372891,1076,4360
Renard,Consadine,33535682,939,4647
Ailbert,Mannin,31833598,1743,4299
Philly,Sendall,39067914,1286,4957
Wenonah,Swiggs,38887590,1056,4225
Penni,Francesc,39255667,1775,4928
Matilda,End,38821158,1653,4802
Lilli,Allain,33354258,1894,4027
Jeremias,Caulliere,39747495,1335,4731
Tomas,Flade,39970459,935,4411
Cathi,Garm,31771876,1308,4630
King,Mallender,31110797,954,4747
Charlot,Buffey,31408486,1591,4993
Blake,Polo,37584975,913,4291
Isadora,Swaby,39009308,1171,4105
Carol,Widdicombe,38169363,1586,4913
Bree,Galletly,31694426,1243,4749
Court,Turpey,37795383,1401,4140
Nerty,Seakes,36732489,1070,4460
Judy,Kaine,31121792,1831,4103
Katina,Cureton,33796082,1616,4388
Pace,Sherwyn,37686692,1238,4238
Pepito,Kitteman,34653021,1616,4668
Marcus,Yerill,34772904,1590,4997
Jewel,Gott,35895020,1750,4921
Meredith,Kasper,38109635,1742,4280
Web,Sharple,31299512,1254,4878
Colline,Lathaye,32740462,1642,4412
Zondra,Scotchbourouge,38459051,1287,4599
Alejoa,Stener,37987172,1508,4852
Janenna,Grayland,31211178,1102,4539
Arlinda,Lippini,33736852,1246,4063
Addison,Sanderson,37923603,1311,4618
Waverley,Chilver,32188956,1431,4844
Jaimie,Saul,34475669,1502,4476
Adriano,Gatenby,39529445,1109,4871
Malissa,Collacombe,32701421,1515,4374
Roxane,Archbold,36899830,1447,4141
Kamila,Hrus,38801935,1359,4149
Winnie,Anespie,39660771,1082,4567
Georgina,Zelland,37732288,1591,4547
Lyndel,Birkmyr,32894684,1826,4796
Eloisa,Harriot,36144555,1695,4378
Kipp,Van Saltsberg,33594989,1861,4750
Haven,Jefferson,38221282,1088,4662
Christopher,Walstow,37273879,1124,4904
Waiter,Munro,34448127,1279,4420
Lodovico,Frostdick,30784742,1305,4840
Illa,Trevino,35774187,917,4950
Abran,Riepl,34587390,1539,4284
Ofelia,Goodwell,35974168,1440,4357
Chelsy,Gately,31260421,1528,4740
Ceil,McIlvaney,36291742,1524,4981
Nyssa,Luchelli,35912143,1418,4447
Edan,Walkley,34618209,965,4183
Marlie,Masdin,36558870,1746,4516
Yankee,Bleacher,35176126,927,4511
Cilka,Lowsely,30512377,990,4366
Nigel,Mathe,38690370,1137,4536
Ardra,Mulvagh,35888208,1054,4792
Tiffanie,Connechy,35579550,1238,4966
Felecia,Jancy,34881598,1112,4427
Lacie,Rintoul,35756232,922,4389
Teodor,Vaisey,36623266,1511,4156
Coletta,Outibridge,34994228,1782,4018
Lacee,Bourthoumieux,32068865,1441,4666
Kyle,Sizey,37651681,1827,4434
Helli,Snelson,31833901,1491,4646
Hannah,Darbon,38038894,969,4306
Nicky,Tellenbrook,30561565,961,4334
Natal,Scroxton,32899696,1563,4165
Zebadiah,Eyckel,32174037,1814,4323
Maurie,Screech,33919960,1716,4135
Josy,Corkan,32615293,1310,4337
Clarette,Frier,38010775,1276,4616
Thaxter,Garrett,31591227,1775,4537
Odie,Gaffer,38070426,1681,4762
Barde,Heeron,35705989,1634,4969
Lara,Bogeys,39440936,1848,4992
Dag,Huddy,35272018,1221,4338
Brett,Bavester,36408009,1750,4343
Fitzgerald,Rowlett,36767788,1593,4819
Kaila,Renwick,35383714,1003,4652
Michal,Craigmile,36023736,1311,4893
Ola,Schulke,38687124,1587,4630
Lynelle,Peltzer,30888733,1899,4118
Zora,Harman,36108956,1841,4814
Leigh,Meace,37635447,1592,4826
Kippie,Houldey,32351685,1727,4167
Patricia,Aslam,39911201,919,4864
Aeriel,Gebb,30358145,914,4389
Merla,Burgh,32659516,1774,4212
Rosella,Camm,39146787,1050,4860
Stace,Escudier,31241284,1050,4664
Hillie,Postance,31296079,1873,4803
Mariellen,Vedeniktov,30608100,1535,4835
Evangelin,Bellin,32754746,1288,4787
Mark,Cadalleder,37500414,1439,4946
Efrem,Rowbottom,36028241,1150,4504
Martelle,Dammarell,39875346,1337,4617
Analise,Secker,36670273,1167,4328
Maitilde,Kirwin,31195027,1492,4674
Aarika,MacLoughlin,39636315,1067,4270
Sheff,Wycliff,34288103,1266,4143
Gertruda,Dovey,38222143,1151,4105
Wanda,Atkirk,39730947,1140,4720
Cooper,Piatkowski,35293291,1859,4988
Gael,Tutsell,38976357,1251,4274
Linda,Torri,31104933,1819,4167
Jacquelynn,Duddin,37746355,1162,4194
Linn,Geibel,36681273,1578,4231
Addy,McCullen,34972698,1479,4805
Justinian,Sanbrooke,31552431,1351,4825
Josefa,Lyver,37795098,1897,4633
Avivah,Iannelli,38012044,1819,4449
Joey,Hannen,34919846,1217,4765
Sunny,Carnduff,31345849,1260,4479
Rosamund,Curedell,33673766,1396,4567
Jacklin,Hovel,33623026,1036,4314
Philbert,Kopfer,31998463,1075,4184
Rosie,Nairy,39201071,1873,4494
Cassey,Sangar,30089112,1742,4069
Cyrus,Mccaull,35255035,1533,4003
Janeta,Kibbe,35915512,1828,4602
Friederike,Plumer,39827278,1067,4069
Chas,Grealey,32705106,1723,4622
Darnell,MacSween,35298553,921,4226
Felicio,Thirlwall,31406908,928,4031
Crysta,Morkham,38426174,1227,4462
Wilmette,Wilbor,33939050,1066,4350
Lefty,Tooting,30743804,995,4707
Oran,Dallewater,38810408,1219,4138
Britni,Snasdell,32049505,1131,4724
Benni,Marchiso,34670352,1793,4424
Hewe,Bendle,33371518,1259,4159
Marthe,Fleckness,32907724,1437,4652
Aubree,Bristowe,33091451,1754,4161
Jillene,Witherdon,34257344,1548,4229
Ardene,Lissandri,38413489,1772,4448
Maurita,Napoleon,37642056,1728,4160
Levey,Domnick,36253602,1034,4335
Nelia,Heinrici,36539642,1620,4718
Gavin,Fortye,36766520,1850,4391
Lek,Lougheed,33403190,1532,4868
Christoph,Withers,34242036,909,4896
Alisun,Kilgour,32661980,1670,4518
Berkeley,Boddis,39477159,1699,4097
Evey,Huburn,37359138,1891,4283
Sophronia,Goundrill,30694121,1531,4517
Alberto,Giorgio,38574535,1444,4721
Anton,Sabben,36826263,1060,4652
Danika,Dummett,39749615,1456,4195
Elenore,McTerry,39127589,1303,4934
Virginia,Wailes,39624244,1473,4175
Olympe,Shimmings,39689070,1676,4888
Terra,Costall,31322496,1111,4083
Gerta,Duinbleton,34356832,1429,4697
Harrison,Aulsford,30691011,1532,4250
Shelden,Rubinsztein,30807072,1185,4322
Nikkie,Coultish,35400833,1827,4308
Bria,Frantzen,34534760,1607,4713
Marylee,Verissimo,39793817,1041,4529
Joela,Clive,33104072,1210,4514
Vlad,Copcott,32846774,1874,4507
Saraann,Walesa,30768124,1112,4981
Pauline,Ricardou,33123977,1734,4606
Laura,Diamant,30146033,1398,4634
Falito,Jauncey,33791875,1180,4936
Erinn,Savin,31204396,1222,4901
Larine,Castano,30240347,1034,4208
Cosette,Cubbino,31437169,1628,4606
Skye,Rentcome,31536570,1654,4789
Carina,Schuricht,30667327,1314,4962
Renell,Puleston,39725395,1480,4454
Kippar,Harbar,32800400,1252,4824
Evy,Blaker,36216036,1782,4321
Rhianna,Andrieu,31195293,1203,4322
Birk,McEnhill,32514419,1221,4542
Florida,Walburn,30846562,1809,4624
Hubey,Loadsman,38955836,1727,4720
Herbert,MacNair,38640076,1865,4486
Rancell,Hubbucks,32104494,1465,4105
Alaine,Willingam,34557440,1833,4332
Erroll,Maren,31001815,1710,4060
Alicia,Toulson,31554266,1074,4781
Angie,Viel,39015948,1406,4986
Jeanelle,Manchester,31459631,1330,4156
Arnaldo,Matkovic,30691893,935,4903
Chiarra,Ducham,33793816,1821,4517
Susy,Janks,37988220,1494,4712
Dylan,Iorizzo,31621032,1278,4717
Goldie,Syder,30320338,1071,4668
Bengt,Boss,37009085,1109,4564
Nadine,Barstowk,36210077,1180,4903
Ambrosius,Iacobacci,39593990,1449,4184
Elaine,Mougel,35554107,1588,4847
Kirstyn,Fullwood,36339046,1316,4720
Noami,Lydall,34233958,1230,4612
Cora,Yeld,35910630,1089,4161
Hugo,McGlaud,39002175,1159,4943
Monroe,Whittington,32688821,1135,4976
Izak,Sainsberry,39021676,1660,4848
Dael,Rimington,30939970,915,4457
Monika,Gayton,30420405,1853,4205
Sandro,Van Der Walt,32790608,980,4224
Brinn,Hazael,34107911,1287,4832
Bari,Lorens,30706960,1062,4917
Berk,Ivel,38478335,1694,4729
Art,McLay,32542857,1373,4874
Davida,Manion,35895145,1490,4848
Allistir,Findlay,30230072,1197,4769
Oates,Hadgraft,33284965,1837,4800
Helga,Sudlow,35829296,1631,4213
Aleda,Whicher,34991608,1607,4539
Saundra,Egdale,36314021,931,4835
Joaquin,Edgcumbe,36407170,1100,4261
Luise,McClure,33457268,1295,4217
Kinsley,Habbershon,37073591,1513,4770
Adams,Blees,34710989,1020,4910
Frederico,Gibbons,39519214,1511,4091
Mandi,Lowle,32399186,1139,4723
Cortney,Huxley,36857946,1843,4586
Bess,Renols,37474134,1360,4017
Waverley,McIlmorow,32501863,1109,4053
Janifer,Keith,31979193,992,4894
Vonnie,Circuitt,35585290,1446,4437
Mallory,Udy,35592670,1197,4309
Kaleena,McAllister,35730645,1458,4266
Bailie,Jessard,39387743,1432,4548
Beauregard,Kalderon,31419056,1015,4610
Sherlocke,Potticary,36435796,1575,4552
Una,Sponer,31205144,1599,4279
Berk,Touzey,38337081,1808,4682
Bunny,Tuhy,30687137,1288,4519
Essie,Lytell,30329945,1122,4092
Madelle,Tonbye,37738923,1544,4078
Karoly,Ebdon,36022925,1364,4564
Lora,Souttar,38828527,1135,4125
Ladonna,Galliard,34427193,1519,4541
Pascale,Yurchishin,33603414,1037,4711
Gabriell,Bezzant,39483697,1780,4239
August,Follan,38033000,1162,4022
Irwinn,Matuszyk,31615657,1892,4713
Dee,Svanetti,37878662,1043,4700
Marshall,Maciunas,36852466,1861,4821
Bruis,Alabone,39484833,1601,4508
Shandee,Rubinsaft,31363437,1740,4357
Isidora,Bavidge,33860195,1715,4360
Perice,Kunzler,37316744,1146,4655
Steven,Oty,33977713,1834,4758
Alric,Abelwhite,34186878,1071,4072
Sheela,Schwier,35755860,1540,4187
Quinlan,Gaitung,30570634,982,4133
Kathye,O'Towey,33176515,1009,4327
Myrwyn,Feasley,34140642,1547,4263
Mireille,Seebright,38527790,911,4980
Cobb,Seward,30009152,973,4427
Merola,Varlow,37188981,1037,4887
Jim,Bartoszinski,30853101,960,4733
Jonathan,Heppner,31110539,1051,4631
Chantal,Severs,34898335,1789,4684
Lucho,Scullard,30203778,1428,4251
Irwinn,Shelsher,36012244,1167,4942
Neville,Stetson,33016552,1459,4782
Leoine,Cresswell,35033076,1366,4538
Georgianne,Gaylor,38311803,1312,4445
Loree,Mingard,33850664,1690,4008
Aubrie,Phipp,38507730,1360,4557
Kenyon,Light,30448947,1840,4277
Dona,Coller,34645460,1198,4643
Valentine,Irons,31906448,1362,4861
Cordy,Pfeifer,36747960,1369,4492
Karena,Inde,35818831,1804,4155
Ingra,Glandfield,38904551,1684,4131
Floyd,Plunkett,38583773,1412,4662
Harland,Abbes,35332786,1699,4666
Gradey,Fee,31909724,916,4284
Kristian,Albrook,30290797,951,4874
Elly,Blackstone,30210053,1335,4181
Jackson,Thorley,31750821,1491,4158
Jemimah,Soars,34237753,959,4168
Theo,Passman,30380128,1648,4280
Aldis,Adrienne,38225900,1505,4324
Myca,Dionisetto,35348416,1674,4939
Goldi,Yorke,39884106,1874,4780
Debor,Britney,39016270,1481,4912
Sisely,Alcido,32571828,1176,4676
Chelsey,Moverley,35240155,1022,4838
Maurizia,Merioth,39806315,1704,4562
Morse,Lockie,30201388,1554,4177
Chicky,Dunthorn,33643278,1489,4920
Halley,Fawson,35243059,1660,4256
Pippo,Winterson,38775378,1815,4441
Dorita,Denisot,31828012,1672,4712
Jacob,Itzkov,31447314,1366,4774
Ignacio,Saurin,32029807,1802,4556
Bonnee,Rigbye,31705116,1671,4100
Pen,Mainland,33598371,976,4194
Therese,Robilart,38940412,1498,4383
August,O'Kennavain,39322986,1116,4646
Moise,Mahoney,30061939,1369,4997
Korie,A'Barrow,36504797,1285,4413
Elka,Spurrior,38586597,1595,4756
Jaquenette,Paulat,38119507,1875,4103
Annice,Dalgety,30527150,1618,4418
Kin,Smidmoor,31768354,1810,4708
Arny,Clipsham,35838708,1829,4647
Lanni,Betham,30557043,1557,4096
Babbie,Alldred,36917845,1811,4823
Sharona,Stenners,36946054,910,4956
Helene,Wein,38922823,949,4126
Teddie,Oldnall,38152258,1501,4604
Johnny,Jager,34665591,1574,4253
Bail,Franchioni,37137530,1194,4728
Juliet,Rabbitts,31074403,1712,4987
Renata,Martinie,38071693,943,4985
Dilly,Croisier,31719222,1149,4032
Jaime,Keiley,38600864,949,4792
Pebrook,Mouan,32156315,1664,4634
Dannel,Brumbye,39709402,1527,4183
Vi,Regorz,38932540,1636,4434
Lenee,Dawks,30110825,1876,4841
Bucky,Merrikin,39156682,1446,4194
Seamus,Trevillion,30406783,1030,4166
Cornelle,Di Francecshi,30401327,1815,4223
Sollie,McElane,37160720,1764,4947
Aloise,Boness,36532333,1086,4096
Miles,Kinleyside,36622848,1866,4607
Kriste,Conan,32420986,1680,4884
Goldie,Ratter,38412702,991,4132
Joy,Simnett,31597740,1611,4787
Arlyne,Aked,31828841,1191,4538
Andrus,Cheng,33194218,1824,4684
Michaelina,Commander,39318507,1781,4948
Chaim,Rosensaft,35857802,1877,4662
Iolande,Ysson,30397791,1229,4577
Zackariah,Fuge,30419841,1717,4044
Kirby,Barends,36774644,1773,4641
Brander,Jedrzaszkiewicz,33408051,1413,4027
Melania,Mariyushkin,38529080,1582,4597
Isa,Buckthorpe,33984274,1404,4141
Opalina,Oakly,30498210,1207,4529
Mandel,Leahair,35528682,1538,4232
Noel,Cirlos,32357494,960,4495
Margi,McCloch,35859148,1562,4113
Harvey,Kitt,31446281,940,4126
Ruthy,Seakes,31053664,1530,4374
Pat,Duchesne,31655609,1543,4341
Gigi,Elner,34899755,1645,4461
Xaviera,Lapenna,30639203,1129,4787
Port,Colcutt,31328578,1607,4602
Augustine,Pane,31272066,954,4062
Innis,Ceely,38324229,1483,4555
Elvera,Osgarby,37268182,1049,4537
Cornelle,Coyne,30739651,1616,4325
Chance,Jardine,35203418,1590,4147
Denver,McArthur,34480699,1578,4237
Alane,Morgon,31894358,1099,4658
Betti,Doxey,35675121,1691,4241
Rochelle,Essery,39766928,917,4270
Laverne,Jolley,34425310,1500,4488
Phebe,Smeall,31018271,1441,4713
Dulciana,McRavey,32167720,1851,4778
Krissie,Adriaan,38524604,1752,4545
Shaine,Leving,37083345,1357,4092
Davy,Yokelman,34145632,1745,4056
Murray,Malinson,35401880,1450,4135
Lucien,Easdon,31297623,1113,4408
Moishe,Lawlee,31779132,1626,4770
Tammy,Hedney,31880531,1036,4487
Milicent,Whitney,39854753,1126,4533
Liane,Cockshutt,34628509,1165,4877
Kasper,Snaith,35829916,1631,4938
Kordula,Gebhardt,34508940,1598,4797
Laney,Folcarelli,37188366,1649,4894
Lion,Klink,31080590,1720,4939
Mallorie,Tavner,39316989,1229,4087
Reyna,Goodlatt,36918853,1517,4835
Clarke,Road,34850300,1000,5000
Shellie,Vedenisov,34738044,1325,4027
Tallia,Lackeye,33862690,1885,4665
Nannette,Tuddenham,34462667,1649,4298
Nikaniki,Smale,31866552,1689,4461
Deeann,Ghiotto,33120374,1410,4443
Purcell,Haulkham,38994067,1786,4068
Derrik,Palliser,32154973,1391,4357
Patty,Lochhead,33228624,1514,4786
Bianca,McCullen,36456520,1388,4725
Belita,Braga,31930581,938,4599
Clevey,Dreghorn,31374872,1334,4684
Rodina,Abrahamsson,32595405,1516,4485
Nolie,Bentame,35227698,1462,4990
Gwenni,Stother,33136344,1254,4472
Jerrilyn,Pottinger,36198140,1284,4248
Evita,Simmon,39203113,1165,4583
Amabel,Nanelli,34205221,985,4840
Jacki,Caws,32476853,1849,4021
Erl,Itzkovwich,38244950,1692,4452
Ollie,Meynell,36184668,1671,4868
Nertie,Brahan,39146750,1512,4897
Karoly,Gladdish,38739148,1468,4414
Olly,Doogue,33350690,1652,4446
Archibald,Petren,32748016,1256,4422
Adiana,Gammons,35840610,1097,4689
Merla,MacKellen,38301177,1331,4084
Shelbi,Hedingham,39233084,1647,4521
Sheff,Pepis,35850892,1409,4196
Mellie,Armitt,38237913,1420,4720
Cherish,Maccrie,33119046,1215,4002
Olvan,Bovey,31863868,1405,4976
Silvano,Jedras,30676321,1189,4003
Vilma,Adamov,36636532,1862,4153
Junette,Blundin,34297293,1223,4204
Gracie,Pybus,36176189,1540,4063
Tara,Kunkel,34898471,956,4218
Rosemarie,McGahy,38544097,926,4398
Jedd,Nano,33192981,1627,4785
Perry,Stonnell,30887077,1483,4614
Mavra,Bouchier,36994337,1021,4495
Kala,Bosche,35370859,1230,4457
Rolland,Fonzo,33046831,983,4283
Adriano,Sidey,38514093,1560,4914
Heidi,Yateman,38323664,968,4298
Berti,Buney,34429336,953,4376
Fulvia,Forrestor,33856588,1080,4627
Kassandra,Vala,33512679,1557,4849
Robinet,McGonnell,36844837,1310,4911
Padraic,Lorkins,35189182,999,4458
Libbi,Pennings,39835162,1593,4785
Tami,Sandyfirth,39690769,1004,4466
Evaleen,Holsall,33847627,1116,4187
Tallulah,Giddings,34455362,1386,4489
Rosabella,Dobbin,36131342,1353,4995
Marietta,Chestnut,32731896,1546,4974
Pavel,Story,30869104,1140,4220
Margot,Averies,39501205,1385,4414
Morissa,McGaughey,31884596,1007,4918
Anna-diane,Hadigate,33433498,978,4335
Kasper,Guesford,32740178,1160,4393
Harvey,Scalera,35196075,1040,4808
Danielle,Antunez,38028263,1892,4000
Rahal,Tather,36634468,1566,4432
Russ,Friel,37136029,1445,4622
Durant,McGonigal,30900627,1722,4267
Tobie,McCaskill,38061298,984,4738
Sarge,Janaud,36799059,1108,4352
Carter,Winning,32743735,1307,4346
Kyle,Boom,32216817,1207,4691
Hurlee,Wehden,35891658,1161,4913
Zak,Cleobury,35646292,1535,4165
Bridie,Bridgwater,36462619,989,4169
Miran,O'Bradain,36950516,1825,4754
Mufi,Collar,38705566,1354,4521
Stacee,McNiven,30263038,1487,4722
Christina,Berryman,39829433,1278,4525
Adriano,Stronach,33504429,1870,4481
Anabel,Loudwell,39676697,1040,4252
Rickard,Records,31151279,1877,4011
Yuma,Easter,34183575,1874,4271
Rikki,Challicombe,38537404,1433,4640
Spence,Cholwell,32342204,1249,4539
Sandro,Garlinge,31225971,1127,4226
Talbert,Dobrowski,34907714,1334,4546
Zeb,Kasher,35442292,1613,4218
Tandy,McIndoe,30088660,1812,4681
Burt,Becke,34424298,1746,4489
Annalee,Felmingham,36675107,1565,4885
Avie,Cockayne,37323499,1502,4510
Alfonso,Yurlov,32513465,1278,4702
Isador,Cummungs,37624431,1606,4812
Rafaela,Battrum,39150214,1337,4437
Remus,MacKimmie,35414756,1884,4703
Decca,McIlvaney,33084788,1725,4251
Amata,Itchingham,31921198,1411,4095
Fanya,Chaplyn,37912432,1711,4294
Tomasina,Prosch,31327682,1544,4935
Samara,Franklen,39715103,1451,4321
Garret,Swiffan,33438583,1235,4565
Jacenta,Warcup,33678406,1589,4046
Duane,Loomis,35712203,1325,4778
Alyda,Burren,30245152,1190,4545
Aggy,Dyne,32802709,945,4855
Thelma,Mayler,39426795,1665,4941
Margot,Alliott,37505388,1680,4859
Inna,Chapple,33495360,1321,4346
Godart,Baudrey,39370293,1247,4913
Silvano,McGregor,38619272,1115,4043
Patrica,Dainter,31738803,1702,4960
Tansy,Millyard,30305236,1456,4644
Bernhard,Kellington,38748726,1201,4132
Fraser,Jiles,38680680,1282,4942
Claribel,Ropcke,30179949,1870,4164
Christopher,Perillo,31211709,1738,4495
Creight,McPhillimey,37988190,1597,4149
Eloise,Burkwood,34732925,1181,4586
Reggis,Bazoge,38862598,1062,4542
Janine,Dyett,33639148,1634,4556
Haley,Suffe,30686975,1523,4710
Shannan,Pawsey,39764354,1272,4688
Winni,Rumbellow,39029090,1843,4434
Benedetto,Hardingham,31131219,1371,4549
Haslett,Izhak,39035029,1108,4485
Sinclair,Pregel,31198073,1518,4487
Flossie,Dreng,34400195,958,4033
Osgood,Cauley,36121362,1825,4128
Cort,Lince,32974402,1064,4948
Arielle,Georg,34253460,1643,4249
Nicolle,Sayburn,39999820,1420,4944
Allistir,Chippindall,39836543,1201,4312
Nessy,Feasley,34719919,1820,4570
Pammy,McCartney,36353754,1318,4767
Chic,Moxson,30177410,1529,4403
Ethelyn,Hubatsch,33493011,1450,4730
Dorthy,Scowen,30117116,1266,4679
Tressa,Bogie,33573521,1200,4532
Bernette,Conibere,38089494,1306,4517
Lorenzo,Poetz,37334209,958,4867
Sampson,Arunowicz,34172303,1114,4504
Elspeth,Popelay,31525474,1186,4092
Karole,Cinavas,36775532,1413,4936
Janet,Toffolo,38577151,1499,4621
Abagael,Denkel,36347651,963,4675
Nancy,Looker,37454097,1306,4332
Sheba,Baggaley,33702095,1390,4282
Isiahi,Rolling,30124914,1649,4960
Cassandre,Duly,36883723,1518,4897
Claretta,Muggleton,32102751,1593,4270
Travers,McClean,33259309,1510,4564
Artemis,Vergo,35054741,1785,4658
Tessy,Windle,38004611,1159,4468
Clarisse,Shucksmith,31974769,1517,4367
Mordecai,Skein,34538768,1399,4506
Jocelyne,Farncomb,31926774,971,4363
Cornelle,Braemer,39529430,1127,4480
Yorke,Maydway,34033838,1765,4507
Redford,Nucciotti,30470699,1195,4857
Angel,Gosart,39741889,1268,4182
Frank,Ketch,37276755,1084,4971
Samuele,Chimienti,39803558,1141,4666
Zoe,Carlin,31492098,1310,4651
Elka,Cowup,36309186,1500,4867
Odette,Tippings,31307499,1139,4831
Nicolle,Bartolini,31292027,1529,4488
Aigneis,Blachford,39625856,1835,4579
Whitaker,Crew,34853204,1674,4058
Clemens,Waberer,30676722,1072,4434
Vinny,Crowson,35147080,1884,4521
Crystie,Ridley,35613565,1853,4596
Griffie,Pail,39264056,1751,4550
Jerome,Bendall,31568135,1212,4600
Margi,Tremouille,31295226,1614,4940
Libbey,Mathews,31099985,1704,4214
Kristien,Zmitrovich,32428158,1702,4267
Paton,Aldritt,34067663,1408,4218
Kaleena,Caldaro,38097700,1706,4286
Breena,Mudge,33523728,1006,4500
Kaila,Steanyng,34422155,1414,4210
Karalee,Puckrin,30907188,932,4825
Gertrude,Jewett,36868786,1872,4616
Martynne,Fallens,36648551,1859,4351
Manuel,Harome,35381894,1679,4793
Dennis,Langlands,35848365,922,4162
Dennie,Newvill,33536008,1644,4544
Ilka,But,32134339,1004,4393
Meara,MacTrustey,37877330,1663,4712
Catherine,Bromilow,35355405,1081,4081
Ava,De Souza,30853688,1662,4358
Nan,Keat,36410204,1006,4955
Beilul,Freddi,34461540,1882,4123
Jaime,Dewi,38888157,1419,4894
Angie,Slatford,39887706,1272,4299
Karyn,Roddick,30324929,910,4707
Latrena,Howe,35565517,1623,4479
Risa,Sunnex,37016473,1888,4164
Jonathan,Sworder,30797567,1372,4071
Livia,Meadowcraft,36094534,1046,4014
David,Franciskiewicz,32328685,1011,4670
Augy,Jockle,36511916,1553,4788
Osborn,Carletti,36867258,1326,4408
Caspar,Kermott,39435068,1757,4341
Osmund,Rubinov,31598522,1530,4805
Neil,Connold,32951248,1097,4834
Charleen,Pidgin,37915977,1161,4290
Nikoletta,McGee,33804508,1606,4866
Sebastiano,Duddle,34873369,1227,4727
Carissa,Errowe,39643693,1518,4133
Ethelind,Caldes,38322458,1528,4616
Alexandr,Kinny,34809743,1122,4230
Reyna,Baurerich,39960800,1581,4909
Lilllie,O' Kelleher,34271897,1599,4314
Beverley,Gosforth,34386218,1488,4344
Nicki,Jodkowski,33712214,1036,4952
Ricky,Camacho,31615334,1102,4060
Tiebout,Gerriets,33513324,1189,4925
Valentin,July,35747511,1693,4284
Eliot,Seed,35885258,1284,4011
Bartie,Cartmell,36678720,1554,4238
Rebekkah,Grenshiels,32313040,1895,4586
Arluene,Ciobutaru,35801414,1292,4393
Brent,Terrett,33330944,1659,4326
Ingaberg,Kuhnt,35241309,1425,4947
Ulrick,Cinavas,35752803,1662,4180
Sheff,Cowsby,31674877,1003,4223
Trudy,Langman,39453958,1158,4589
Mackenzie,Espinel,31454386,1782,4528
Niles,Kabsch,37850825,1103,4597
Rad,Durning,39861927,1155,4494
Florentia,Kohn,32928404,1339,4468
Alwin,Casone,34497515,1521,4928
Kalvin,Nulty,30659150,1455,4399
Dorie,Conechie,30582325,1703,4333
Zorina,Seares,38544538,1187,4757
Silvain,Garms,38135781,961,4309
Mabelle,Baline,33906954,1028,4732
Dasha,Hinckley,31706542,1124,4901
Millard,MacTimpany,39760786,1267,4504
Abey,McQuaide,31274016,1231,4748
Windham,Thorsen,39169033,1148,4191
Agata,Crocken,39319243,1724,4948
Xavier,Holley,38016144,1590,4958
Jozef,Guidone,39518243,1378,4857
Alyss,Brixham,37608350,1887,4713
Margaretta,Sexstone,30260076,1352,4451
Sarita,Byk,30191145,900,4928
Viviyan,Luff,38454908,1829,4239
Michale,Eardley,33345673,1258,4228
Cody,Columbell,38744628,1529,4323
Roderich,Fairtlough,33925403,1638,4670
Georgena,Winston,31659506,1029,4989
Brittne,Fidell,33180023,1858,4931
Emlyn,Kwietek,33684799,1376,4045
Hilly,Mizen,37334515,989,4098
Ricky,Rowet,33471453,1723,4732
Silvanus,Lockhead,33339080,1831,4373
Willy,Bhar,37191158,1225,4292
Kylynn,Saywood,39509617,1895,4340
Eduardo,Bleby,33817951,1109,4334
Issie,Rossbrook,36497598,1266,4690
Helyn,Andrewartha,39559365,1384,4283
Violante,Tussaine,38845626,997,4589
Selestina,Liddiatt,38557952,1018,4891
Toni,Bales,36450385,928,4895
Carolynn,McChesney,39360803,943,4078
Catherin,Brameld,30598794,1214,4314
Kain,Minelli,37062279,1387,4150
Netti,Gribbon,35445803,1147,4635
Melinde,Kinder,31210369,1738,4089
Kathi,Brombell,39526117,1451,4478
Licha,Firby,33754013,1172,4074
Charlean,Di Ruggiero,32011740,1611,4615
Haydon,Valek,33417341,1677,4236
Mordecai,Frame,34911646,1118,4097
Hart,Gabbot,37293929,1756,4213
Dionisio,Attenburrow,37818303,1440,4313
Druci,Swinley,36314505,1456,4118
Idalia,Medway,37888379,910,4044
Pietro,Edmunds,31125107,1834,4893
Broddy,Larn,35102775,1027,4118
Cary,Stainfield,39408169,1191,4785
Orland,Garfield,34271348,1841,4407
Leicester,Bachellier,33010488,1042,4109
Brandy,Gratrix,37929216,1794,4705
Edik,Tonn,36027882,1842,4586
Derrik,Fernehough,32618493,1085,4883
Raffarty,Inker,34509753,1357,4151
Mattias,Brokenbrow,37141051,1379,4930
Leonidas,Conre,30655374,1252,4134
Jenna,Enticknap,30797085,1823,4207
Delores,Slader,35178090,1631,4053
Ced,Madre,31010153,1005,4940
Ferguson,MacGeaney,34588677,1830,4334
Joseph,Finnemore,37719137,1444,4454
Merell,Griffith,32694656,1479,4497
Nicole,Vooght,37782122,1791,4794
Lolita,Hanstock,32581645,1535,4230
La verne,Dackombe,31288217,956,4544
Jeff,Munton,34875941,1629,4682
Beilul,Bransden,39353738,1678,4161
Patrizio,Barratt,37677822,1416,4311
Sterling,Gray,32501219,1751,4952
Shari,Arrighi,35595056,1141,4066
Travis,Lettuce,31949991,1325,4986
Gwenora,Boyle,33337519,1853,4191
Dasi,Theodoris,30298816,1522,4278
Sibeal,Rivitt,38677786,1096,4967
Baxter,Huzzey,36743438,1312,4573
Eleonora,Nattrass,33039980,1614,4126
Jany,Messenger,31616484,1666,4115
Lenee,Teresa,39016440,909,4220
Ciel,Coggen,38058597,1689,4326
Marvin,Hargey,36668704,1511,4424
Geordie,Clelle,33646205,1684,4442
Kessiah,Falkinder,30203776,1781,4887
Abby,Brugger,35185069,991,4012
Gayler,McKoy,38885015,1035,4760
Sherm,McCrystal,36515764,1214,4431
Phil,Loveitt,34988799,1305,4092
Lemmie,Woodcock,35359368,925,4021
Joelly,Elliman,36571662,1014,4922
Cherida,Yushin,30523334,1726,4360
Happy,Hallifax,37412236,1731,4846
Feliza,Gatrell,39960816,1021,4484
Grata,Luby,37536970,1259,4851
Veradis,Hallard,39504970,1144,4154
Durward,Naper,31646488,1593,4654
Aeriel,Alvar,38981185,1540,4117
Reid,Brandenburg,31157283,1718,4774
Daron,Yanin,38874690,1606,4768
Randene,Pedro,32877042,1864,4778
Stearn,Gergler,30718891,982,4080
Terry,Borsi,36270621,1798,4162
Jayne,Kepe,37645159,981,4801
Gonzalo,Trippack,31119821,1731,4659
Curcio,Hullin,36827005,1001,4018
Bobbye,Arnke,39400419,1013,4960
Delly,Ferrant,34403473,1584,4924
Adelaida,Valadez,34756045,1886,4953
Bennett,Volonte,33592609,972,4260
Richmound,MacNeachtain,39419266,1290,4402
Karyn,Wharrier,39429187,1734,4785
Nicoline,Wedon,33329985,948,4781
Nikolaus,Piggrem,31729015,1057,4554
Kirsten,Kenney,38765830,1121,4247
Maurita,Leathlay,31423147,1268,4031
Sholom,Dicken,33425917,1712,4046
Corliss,Smowton,38233165,1705,4533
Jolynn,Nix,36558543,1232,4629
Electra,Knappe,31304267,1896,4341
Marietta,Dennehy,36345107,1531,4135
Sue,Moneti,35611851,1474,4182
Stanleigh,Giscken,38483455,957,4335
Cordelia,Colbran,38979438,1708,4863
Jemmie,Coopper,37661880,1867,4314
Giustino,Aldhous,39382098,1063,4690
Pollyanna,Frosch,30626181,1502,4261
Dore,Klouz,31891476,1855,4901
Georgy,Layborn,36008915,1709,4195
Rosabel,Theuss,33852536,924,4046
Ede,Wingatt,35212953,1572,4232
Renato,Linley,34495162,1759,4923
Alexi,Jacks,36172587,1451,4397
Harrison,Gerasch,38346828,1234,4024
Clark,Fuentes,39928101,946,4907
Ardelle,Pond-Jones,31278257,1169,4952
Ricki,Junkison,34695385,1821,4138
Karrie,Fakes,32696640,1726,4265
Bartholemy,Raun,38514262,1518,4648
Sarge,Eastmond,30854297,1029,4845
Falito,Treherne,33170939,1764,4191
Rea,Housiaux,31216124,1369,4047
Richmound,Cage,35823460,1516,4563
Braden,Marini,38743592,1485,4853
Clarette,Edwins,34099638,1209,4830
Liza,Skoof,35217582,1774,4964
Agnella,McEnhill,37865001,1017,4536
Catha,Cusworth,32577611,1322,4918
Chloe,Goldstone,32774522,1412,4461
Zach,Cicculi,32847575,1186,4051
Jenica,Fishleigh,35733733,1610,4075
Wallache,Kirkpatrick,31155209,1886,4742
Elaina,Reuven,32846242,1551,4830
Ophelia,Shergold,30619568,1685,4645
Elnar,Mawford,35728631,1521,4171
Nollie,Grindall,35544603,1295,4526
Shina,Enric,34785290,1178,4510
Esma,MacCague,31542434,1547,4932
Rheta,Damarell,35035388,1360,4839
Emelen,Fawdery,37718150,1040,4545
Jenifer,Farrall,36534131,1253,4338
Yale,Fardo,35103645,1162,4601
Desdemona,Muddiman,38819816,1617,4959
Wolfgang,Fitzharris,32627920,1158,4340
